hostname,value,timestamp,id,name
node_2,7.4499284,1708763221,InOctets,received
node_2,-241.44392,1708763221,OutOctets,sent
master,642.9441342,1708763221,InOctets,received
master,-383.3125828,1708763221,OutOctets,sent
node_3,2.4384363,1708763221,InOctets,received
node_3,-228.6586247,1708763221,OutOctets,sent
node_1,4.8931637,1708763221,InOctets,received
node_1,-230.6255584,1708763221,OutOctets,sent
node_2,8.9573036,1708763226,InOctets,received
node_2,-244.810085,1708763226,OutOctets,sent
master,551.7280946,1708763226,InOctets,received
master,-383.34963,1708763226,OutOctets,sent
node_3,13.8316966,1708763226,InOctets,received
node_3,-234.5232856,1708763226,OutOctets,sent
node_1,8.521589,1708763226,InOctets,received
node_1,-231.4237453,1708763226,OutOctets,sent
node_2,7.495643,1708763231,InOctets,received
node_2,-241.6271621,1708763231,OutOctets,sent
master,9.3378222,1708763231,InOctets,received
master,-354.278696,1708763231,OutOctets,sent
node_3,2.7620724,1708763231,InOctets,received
node_3,-229.021183,1708763231,OutOctets,sent
node_1,4.9018842,1708763231,InOctets,received
node_1,-231.408247,1708763231,OutOctets,sent
node_2,5.8609218,1708763236,InOctets,received
node_2,-240.831766,1708763236,OutOctets,sent
master,8.8513886,1708763236,InOctets,received
master,-359.0109128,1708763236,OutOctets,sent
node_3,10.3331522,1708763236,InOctets,received
node_3,-230.5346405,1708763236,OutOctets,sent
node_1,5.6586899,1708763236,InOctets,received
node_1,-229.7536243,1708763236,OutOctets,sent
node_2,7.3590168,1708763241,InOctets,received
node_2,-243.6036628,1708763241,OutOctets,sent
master,12.8043046,1708763241,InOctets,received
master,-354.3010932,1708763241,OutOctets,sent
node_3,3.1560966,1708763241,InOctets,received
node_3,-230.1326057,1708763241,OutOctets,sent
node_1,6.3841546,1708763241,InOctets,received
node_1,-232.0952352,1708763241,OutOctets,sent
node_2,4.7360002,1708763246,InOctets,received
node_2,-240.7682059,1708763246,OutOctets,sent
master,9.5657978,1708763246,InOctets,received
master,-367.8526014,1708763246,OutOctets,sent
node_3,10.1369546,1708763246,InOctets,received
node_3,-231.1451493,1708763246,OutOctets,sent
node_1,5.2848481,1708763246,InOctets,received
node_1,-229.5208113,1708763246,OutOctets,sent
node_2,6.3743269,1708763251,InOctets,received
node_2,-241.0424,1708763251,OutOctets,sent
master,7.803735,1708763251,InOctets,received
master,-352.1616332,1708763251,OutOctets,sent
node_3,3.1573356,1708763251,InOctets,received
node_3,-228.8592265,1708763251,OutOctets,sent
node_1,6.8437678,1708763251,InOctets,received
node_1,-230.764236,1708763251,OutOctets,sent
node_2,5.822514,1708763256,InOctets,received
node_2,-242.2231905,1708763256,OutOctets,sent
master,12.663346,1708763256,InOctets,received
master,-358.9241344,1708763256,OutOctets,sent
node_3,9.2547445,1708763256,InOctets,received
node_3,-231.9456475,1708763256,OutOctets,sent
node_1,5.3818391,1708763256,InOctets,received
node_1,-230.7954371,1708763256,OutOctets,sent
node_2,2.8688002,1708763261,InOctets,received
node_2,-240.2976074,1708763261,OutOctets,sent
master,9.4033392,1708763261,InOctets,received
master,-354.6309776,1708763261,OutOctets,sent
node_3,2.222348,1708763261,InOctets,received
node_3,-228.7198437,1708763261,OutOctets,sent
node_1,6.9110776,1708763261,InOctets,received
node_1,-230.9810628,1708763261,OutOctets,sent
node_2,9.5306023,1708763266,InOctets,received
node_2,-241.85664,1708763266,OutOctets,sent
master,7.1949222,1708763266,InOctets,received
master,-360.1919834,1708763266,OutOctets,sent
node_3,8.9386746,1708763266,InOctets,received
node_3,-229.915164,1708763266,OutOctets,sent
node_1,5.1982658,1708763266,InOctets,received
node_1,-229.09516,1708763266,OutOctets,sent
node_2,3.4501973,1708763271,InOctets,received
node_2,-241.9401606,1708763271,OutOctets,sent
master,11.4513932,1708763271,InOctets,received
master,-350.0835556,1708763271,OutOctets,sent
node_3,3.4693256,1708763271,InOctets,received
node_3,-230.750429,1708763271,OutOctets,sent
node_1,7.1753585,1708763271,InOctets,received
node_1,-232.1184707,1708763271,OutOctets,sent
node_2,9.725146,1708763276,InOctets,received
node_2,-242.254399,1708763276,OutOctets,sent
master,9.4424328,1708763276,InOctets,received
master,-361.958007,1708763276,OutOctets,sent
node_3,9.6563944,1708763276,InOctets,received
node_3,-230.555081,1708763276,OutOctets,sent
node_1,5.4060554,1708763276,InOctets,received
node_1,-229.5061188,1708763276,OutOctets,sent
node_2,2.5159818,1708763281,InOctets,received
node_2,-240.0843799,1708763281,OutOctets,sent
master,7.2222072,1708763281,InOctets,received
master,-348.9635832,1708763281,OutOctets,sent
node_3,3.4538861,1708763281,InOctets,received
node_3,-229.3219236,1708763281,OutOctets,sent
node_1,7.037696,1708763281,InOctets,received
node_1,-231.0002254,1708763281,OutOctets,sent
node_2,22.8638734,1708763286,InOctets,received
node_2,-244.1221894,1708763286,OutOctets,sent
master,18.1823612,1708763286,InOctets,received
master,-421.440194,1708763286,OutOctets,sent
node_3,21.8956717,1708763286,InOctets,received
node_3,-232.7247748,1708763286,OutOctets,sent
node_1,25.7605911,1708763286,InOctets,received
node_1,-232.8832491,1708763286,OutOctets,sent
node_2,5.1713376,1708763291,InOctets,received
node_2,-240.2025948,1708763291,OutOctets,sent
master,8.6845826,1708763291,InOctets,received
master,-366.563121,1708763291,OutOctets,sent
node_3,6.2785032,1708763291,InOctets,received
node_3,-229.350312,1708763291,OutOctets,sent
node_1,18.5240631,1708763291,InOctets,received
node_1,-232.3126738,1708763291,OutOctets,sent
node_2,10.5489338,1708763296,InOctets,received
node_2,-241.8900692,1708763296,OutOctets,sent
master,7.8880586,1708763296,InOctets,received
master,-358.951082,1708763296,OutOctets,sent
node_3,8.1251458,1708763296,InOctets,received
node_3,-229.097517,1708763296,OutOctets,sent
node_1,2.9619716,1708763296,InOctets,received
node_1,-229.6008828,1708763296,OutOctets,sent
node_2,3.8097654,1708763301,InOctets,received
node_2,-242.1737334,1708763301,OutOctets,sent
master,12.3846794,1708763301,InOctets,received
master,-355.4286784,1708763301,OutOctets,sent
node_3,5.359713,1708763301,InOctets,received
node_3,-231.5205914,1708763301,OutOctets,sent
node_1,8.7177654,1708763301,InOctets,received
node_1,-231.3366539,1708763301,OutOctets,sent
node_2,9.3493226,1708763306,InOctets,received
node_2,-242.0934191,1708763306,OutOctets,sent
master,10.177637,1708763306,InOctets,received
master,-367.87992,1708763306,OutOctets,sent
node_3,8.8529961,1708763306,InOctets,received
node_3,-230.2381061,1708763306,OutOctets,sent
node_1,3.0502346,1708763306,InOctets,received
node_1,-229.7849678,1708763306,OutOctets,sent
node_2,3.721835,1708763311,InOctets,received
node_2,-239.94676,1708763311,OutOctets,sent
master,9.3808728,1708763311,InOctets,received
master,-352.9257238,1708763311,OutOctets,sent
node_3,5.9856894,1708763311,InOctets,received
node_3,-230.2350056,1708763311,OutOctets,sent
node_1,10.3045264,1708763311,InOctets,received
node_1,-230.7473,1708763311,OutOctets,sent
node_2,16.3527472,1708763316,InOctets,received
node_2,-243.8605218,1708763316,OutOctets,sent
master,15.525423,1708763316,InOctets,received
master,-404.4346332,1708763316,OutOctets,sent
node_3,30.646389,1708763316,InOctets,received
node_3,-232.6592898,1708763316,OutOctets,sent
node_1,9.7872382,1708763316,InOctets,received
node_1,-231.3588056,1708763316,OutOctets,sent
node_2,2.5026585,1708763321,InOctets,received
node_2,-240.1687294,1708763321,OutOctets,sent
master,7.5949966,1708763321,InOctets,received
master,-357.1799242,1708763321,OutOctets,sent
node_3,4.3941722,1708763321,InOctets,received
node_3,-229.7731444,1708763321,OutOctets,sent
node_1,9.799797,1708763321,InOctets,received
node_1,-230.6867962,1708763321,OutOctets,sent
node_2,32.2224,1708763326,InOctets,received
node_2,-243.7584,1708763326,OutOctets,sent
master,13.0263566,1708763326,InOctets,received
master,-401.932834,1708763326,OutOctets,sent
node_3,15.2762375,1708763326,InOctets,received
node_3,-229.463448,1708763326,OutOctets,sent
node_1,10.1932378,1708763326,InOctets,received
node_1,-230.5366756,1708763326,OutOctets,sent
node_2,2.947967,1708763331,InOctets,received
node_2,-241.4327898,1708763331,OutOctets,sent
master,12.4237286,1708763331,InOctets,received
master,-354.7592744,1708763331,OutOctets,sent
node_3,4.2844918,1708763331,InOctets,received
node_3,-231.4385788,1708763331,OutOctets,sent
node_1,11.0855498,1708763331,InOctets,received
node_1,-232.7319357,1708763331,OutOctets,sent
node_2,10.5244742,1708763336,InOctets,received
node_2,-242.6468164,1708763336,OutOctets,sent
master,9.1619924,1708763336,InOctets,received
master,-360.1619622,1708763336,OutOctets,sent
node_3,7.9804927,1708763336,InOctets,received
node_3,-229.4882759,1708763336,OutOctets,sent
node_1,3.6442527,1708763336,InOctets,received
node_1,-229.9501933,1708763336,OutOctets,sent
node_2,2.4060779,1708763341,InOctets,received
node_2,-240.0240463,1708763341,OutOctets,sent
master,7.3430454,1708763341,InOctets,received
master,-352.209939,1708763341,OutOctets,sent
node_3,5.5109826,1708763341,InOctets,received
node_3,-230.7884042,1708763341,OutOctets,sent
node_1,8.1221338,1708763341,InOctets,received
node_1,-230.4240154,1708763341,OutOctets,sent
node_2,9.4619418,1708763346,InOctets,received
node_2,-243.518407,1708763346,OutOctets,sent
master,17.228111,1708763346,InOctets,received
master,-364.212015,1708763346,OutOctets,sent
node_3,9.148833,1708763346,InOctets,received
node_3,-231.1055281,1708763346,OutOctets,sent
node_1,8.3048634,1708763346,InOctets,received
node_1,-234.6970682,1708763346,OutOctets,sent
node_2,2.7198722,1708763351,InOctets,received
node_2,-240.1635384,1708763351,OutOctets,sent
master,7.6071736,1708763351,InOctets,received
master,-352.8768954,1708763351,OutOctets,sent
node_3,4.3460863,1708763351,InOctets,received
node_3,-230.1572832,1708763351,OutOctets,sent
node_1,9.0463999,1708763351,InOctets,received
node_1,-230.0927873,1708763351,OutOctets,sent
node_2,10.5234227,1708763356,InOctets,received
node_2,-242.03971,1708763356,OutOctets,sent
master,9.6961868,1708763356,InOctets,received
master,-359.6483112,1708763356,OutOctets,sent
node_3,8.2856849,1708763356,InOctets,received
node_3,-229.6539165,1708763356,OutOctets,sent
node_1,4.3997878,1708763356,InOctets,received
node_1,-230.771387,1708763356,OutOctets,sent
node_2,7.6009764,1708763361,InOctets,received
node_2,-245.0319708,1708763361,OutOctets,sent
master,17.7546148,1708763361,InOctets,received
master,-361.8504424,1708763361,OutOctets,sent
node_3,9.103884,1708763361,InOctets,received
node_3,-234.410241,1708763361,OutOctets,sent
node_1,8.6477687,1708763361,InOctets,received
node_1,-231.2647345,1708763361,OutOctets,sent
node_2,10.3319666,1708763366,InOctets,received
node_2,-242.5246735,1708763366,OutOctets,sent
master,12.6525858,1708763366,InOctets,received
master,-369.7534774,1708763366,OutOctets,sent
node_3,9.8074138,1708763366,InOctets,received
node_3,-230.1230215,1708763366,OutOctets,sent
node_1,4.31595,1708763366,InOctets,received
node_1,-230.7607636,1708763366,OutOctets,sent
node_2,2.363418,1708763371,InOctets,received
node_2,-240.0240848,1708763371,OutOctets,sent
master,7.447988,1708763371,InOctets,received
master,-352.3676936,1708763371,OutOctets,sent
node_3,4.6201234,1708763371,InOctets,received
node_3,-230.9788358,1708763371,OutOctets,sent
node_1,8.1348468,1708763371,InOctets,received
node_1,-229.9428632,1708763371,OutOctets,sent
node_2,9.8955394,1708763376,InOctets,received
node_2,-243.1055989,1708763376,OutOctets,sent
master,14.1937112,1708763376,InOctets,received
master,-359.7575006,1708763376,OutOctets,sent
node_3,8.2352078,1708763376,InOctets,received
node_3,-231.3135018,1708763376,OutOctets,sent
node_1,4.7180374,1708763376,InOctets,received
node_1,-232.4683254,1708763376,OutOctets,sent
node_2,2.9459436,1708763381,InOctets,received
node_2,-240.1635396,1708763381,OutOctets,sent
master,8.758289,1708763381,InOctets,received
master,-357.4800108,1708763381,OutOctets,sent
node_3,4.9332776,1708763381,InOctets,received
node_3,-230.6165878,1708763381,OutOctets,sent
node_1,9.3281816,1708763381,InOctets,received
node_1,-230.3172514,1708763381,OutOctets,sent
node_2,19.5392004,1708763386,InOctets,received
node_2,-249.0863972,1708763386,OutOctets,sent
master,37.340383,1708763386,InOctets,received
master,-396.388784,1708763386,OutOctets,sent
node_3,25.7851216,1708763386,InOctets,received
node_3,-242.637817,1708763386,OutOctets,sent
node_1,14.0383736,1708763386,InOctets,received
node_1,-238.3959361,1708763386,OutOctets,sent
node_2,11.0908676,1708763391,InOctets,received
node_2,-246.0652734,1708763391,OutOctets,sent
master,26.6674906,1708763391,InOctets,received
master,-378.427322,1708763391,OutOctets,sent
node_3,14.5376,1708763391,InOctets,received
node_3,-236.9279904,1708763391,OutOctets,sent
node_1,15.6819636,1708763391,InOctets,received
node_1,-235.7164586,1708763391,OutOctets,sent
node_2,9.831114,1708763396,InOctets,received
node_2,-242.107535,1708763396,OutOctets,sent
master,8.916786,1708763396,InOctets,received
master,-357.3813054,1708763396,OutOctets,sent
node_3,6.2982725,1708763396,InOctets,received
node_3,-229.5823237,1708763396,OutOctets,sent
node_1,4.0998898,1708763396,InOctets,received
node_1,-230.4454968,1708763396,OutOctets,sent
node_2,3.2636165,1708763401,InOctets,received
node_2,-240.3392001,1708763401,OutOctets,sent
master,8.1511644,1708763401,InOctets,received
master,-354.0690382,1708763401,OutOctets,sent
node_3,6.6601279,1708763401,InOctets,received
node_3,-231.0736748,1708763401,OutOctets,sent
node_1,7.943584,1708763401,InOctets,received
node_1,-229.7497086,1708763401,OutOctets,sent
node_2,11.3465331,1708763406,InOctets,received
node_2,-244.3973176,1708763406,OutOctets,sent
master,14.0968858,1708763406,InOctets,received
master,-359.2824696,1708763406,OutOctets,sent
node_3,6.7994208,1708763406,InOctets,received
node_3,-230.603903,1708763406,OutOctets,sent
node_1,3.9428256,1708763406,InOctets,received
node_1,-231.4595222,1708763406,OutOctets,sent
node_2,2.8407422,1708763411,InOctets,received
node_2,-240.1639099,1708763411,OutOctets,sent
master,7.012906,1708763411,InOctets,received
master,-354.7505128,1708763411,OutOctets,sent
node_3,6.7417149,1708763411,InOctets,received
node_3,-230.3597102,1708763411,OutOctets,sent
node_1,8.3544256,1708763411,InOctets,received
node_1,-229.7603492,1708763411,OutOctets,sent
node_2,12.3756974,1708763416,InOctets,received
node_2,-242.0284663,1708763416,OutOctets,sent
master,10.1498004,1708763416,InOctets,received
master,-357.9119844,1708763416,OutOctets,sent
node_3,6.8495314,1708763416,InOctets,received
node_3,-229.9224965,1708763416,OutOctets,sent
node_1,4.9159472,1708763416,InOctets,received
node_1,-230.6945136,1708763416,OutOctets,sent
node_2,3.940843,1708763421,InOctets,received
node_2,-241.9807784,1708763421,OutOctets,sent
master,14.8042488,1708763421,InOctets,received
master,-354.9534704,1708763421,OutOctets,sent
node_3,7.515186,1708763421,InOctets,received
node_3,-231.9955014,1708763421,OutOctets,sent
node_1,8.5874314,1708763421,InOctets,received
node_1,-231.8191112,1708763421,OutOctets,sent
node_2,9.4410231,1708763426,InOctets,received
node_2,-241.5951397,1708763426,OutOctets,sent
master,11.819844,1708763426,InOctets,received
master,-365.1651536,1708763426,OutOctets,sent
node_3,6.2513714,1708763426,InOctets,received
node_3,-229.0201072,1708763426,OutOctets,sent
node_1,4.403447,1708763426,InOctets,received
node_1,-230.4884514,1708763426,OutOctets,sent
node_2,3.4663605,1708763431,InOctets,received
node_2,-240.3447868,1708763431,OutOctets,sent
master,11.3649808,1708763431,InOctets,received
master,-354.5780262,1708763431,OutOctets,sent
node_3,6.9499774,1708763431,InOctets,received
node_3,-230.4022968,1708763431,OutOctets,sent
node_1,8.3955901,1708763431,InOctets,received
node_1,-230.4083698,1708763431,OutOctets,sent
node_2,10.0114286,1708763436,InOctets,received
node_2,-242.9259285,1708763436,OutOctets,sent
master,15.3629502,1708763436,InOctets,received
master,-356.5389226,1708763436,OutOctets,sent
node_3,6.7257264,1708763436,InOctets,received
node_3,-230.6271378,1708763436,OutOctets,sent
node_1,4.9501714,1708763436,InOctets,received
node_1,-232.5342598,1708763436,OutOctets,sent
node_2,4.2446003,1708763441,InOctets,received
node_2,-241.0772972,1708763441,OutOctets,sent
master,16.0534328,1708763441,InOctets,received
master,-365.9721424,1708763441,OutOctets,sent
node_3,6.9238938,1708763441,InOctets,received
node_3,-230.1104547,1708763441,OutOctets,sent
node_1,9.538181,1708763441,InOctets,received
node_1,-231.0437816,1708763441,OutOctets,sent
node_2,9.7200199,1708763446,InOctets,received
node_2,-241.8100231,1708763446,OutOctets,sent
master,11.6024688,1708763446,InOctets,received
master,-352.947733,1708763446,OutOctets,sent
node_3,3.4308539,1708763446,InOctets,received
node_3,-229.0375395,1708763446,OutOctets,sent
node_1,4.5057304,1708763446,InOctets,received
node_1,-230.6110542,1708763446,OutOctets,sent
node_2,4.1669102,1708763451,InOctets,received
node_2,-242.1563334,1708763451,OutOctets,sent
master,15.811487,1708763451,InOctets,received
master,-359.0182566,1708763451,OutOctets,sent
node_3,10.471918,1708763451,InOctets,received
node_3,-232.2300516,1708763451,OutOctets,sent
node_1,8.6990726,1708763451,InOctets,received
node_1,-231.8369003,1708763451,OutOctets,sent
node_2,9.751921,1708763456,InOctets,received
node_2,-241.544837,1708763456,OutOctets,sent
master,11.7510484,1708763456,InOctets,received
master,-354.1966478,1708763456,OutOctets,sent
node_3,2.900075,1708763456,InOctets,received
node_3,-228.6139897,1708763456,OutOctets,sent
node_1,4.7823758,1708763456,InOctets,received
node_1,-230.8624338,1708763456,OutOctets,sent
node_2,3.5547201,1708763461,InOctets,received
node_2,-240.9171849,1708763461,OutOctets,sent
master,8.3719672,1708763461,InOctets,received
master,-355.6646782,1708763461,OutOctets,sent
node_3,9.862732,1708763461,InOctets,received
node_3,-230.6351942,1708763461,OutOctets,sent
node_1,5.7155309,1708763461,InOctets,received
node_1,-229.5508554,1708763461,OutOctets,sent
node_2,9.7634744,1708763466,InOctets,received
node_2,-243.1183319,1708763466,OutOctets,sent
master,12.2469404,1708763466,InOctets,received
master,-355.3683418,1708763466,OutOctets,sent
node_3,2.7105834,1708763466,InOctets,received
node_3,-230.3060089,1708763466,OutOctets,sent
node_1,6.6713424,1708763466,InOctets,received
node_1,-231.8700436,1708763466,OutOctets,sent
node_2,4.4974035,1708763471,InOctets,received
node_2,-240.4956825,1708763471,OutOctets,sent
master,8.4698576,1708763471,InOctets,received
master,-356.6123106,1708763471,OutOctets,sent
node_3,10.305855,1708763471,InOctets,received
node_3,-230.6031688,1708763471,OutOctets,sent
node_1,5.9037931,1708763471,InOctets,received
node_1,-229.4608897,1708763471,OutOctets,sent
node_2,8.5145751,1708763476,InOctets,received
node_2,-241.192308,1708763476,OutOctets,sent
master,8.6840092,1708763476,InOctets,received
master,-356.5049118,1708763476,OutOctets,sent
node_3,3.2175509,1708763476,InOctets,received
node_3,-229.4099364,1708763476,OutOctets,sent
node_1,7.6777166,1708763476,InOctets,received
node_1,-231.2895258,1708763476,OutOctets,sent
node_2,9.0741474,1708763481,InOctets,received
node_2,-244.7572396,1708763481,OutOctets,sent
master,16.7795806,1708763481,InOctets,received
master,-363.470249,1708763481,OutOctets,sent
node_3,9.344185,1708763481,InOctets,received
node_3,-231.63475,1708763481,OutOctets,sent
node_1,9.3099099,1708763481,InOctets,received
node_1,-233.2212545,1708763481,OutOctets,sent
node_2,8.2348123,1708763486,InOctets,received
node_2,-241.4016801,1708763486,OutOctets,sent
master,9.3566796,1708763486,InOctets,received
master,-361.429893,1708763486,OutOctets,sent
node_3,3.3734894,1708763486,InOctets,received
node_3,-229.226952,1708763486,OutOctets,sent
node_1,6.8935304,1708763486,InOctets,received
node_1,-230.6846776,1708763486,OutOctets,sent
node_2,5.9327943,1708763491,InOctets,received
node_2,-240.8971533,1708763491,OutOctets,sent
master,7.6337508,1708763491,InOctets,received
master,-358.694378,1708763491,OutOctets,sent
node_3,8.8656851,1708763491,InOctets,received
node_3,-229.7935401,1708763491,OutOctets,sent
node_1,5.5508796,1708763491,InOctets,received
node_1,-229.63028,1708763491,OutOctets,sent
node_2,8.5923469,1708763496,InOctets,received
node_2,-242.1890635,1708763496,OutOctets,sent
master,15.4197842,1708763496,InOctets,received
master,-356.6421588,1708763496,OutOctets,sent
node_3,7.2742997,1708763496,InOctets,received
node_3,-233.0772277,1708763496,OutOctets,sent
node_1,6.9482221,1708763496,InOctets,received
node_1,-232.0565673,1708763496,OutOctets,sent
node_2,6.2848476,1708763501,InOctets,received
node_2,-241.4497035,1708763501,OutOctets,sent
master,10.420618,1708763501,InOctets,received
master,-359.9980514,1708763501,OutOctets,sent
node_3,9.6329461,1708763501,InOctets,received
node_3,-229.8434803,1708763501,OutOctets,sent
node_1,3.4875729,1708763501,InOctets,received
node_1,-229.9324974,1708763501,OutOctets,sent
node_2,7.2584026,1708763506,InOctets,received
node_2,-240.692698,1708763506,OutOctets,sent
master,12.0158098,1708763506,InOctets,received
master,-356.6085434,1708763506,OutOctets,sent
node_3,4.2418062,1708763506,InOctets,received
node_3,-229.8521536,1708763506,OutOctets,sent
node_1,11.0905716,1708763506,InOctets,received
node_1,-232.2494204,1708763506,OutOctets,sent
node_2,6.7748582,1708763511,InOctets,received
node_2,-243.1853222,1708763511,OutOctets,sent
master,13.7375504,1708763511,InOctets,received
master,-358.0284774,1708763511,OutOctets,sent
node_3,11.6200397,1708763511,InOctets,received
node_3,-232.5860386,1708763511,OutOctets,sent
node_1,2.5036888,1708763511,InOctets,received
node_1,-230.3665274,1708763511,OutOctets,sent
node_2,7.29901,1708763516,InOctets,received
node_2,-241.7983284,1708763516,OutOctets,sent
master,8.8689332,1708763516,InOctets,received
master,-357.2175272,1708763516,OutOctets,sent
node_3,3.2396806,1708763516,InOctets,received
node_3,-229.2389005,1708763516,OutOctets,sent
node_1,9.325721,1708763516,InOctets,received
node_1,-230.8935748,1708763516,OutOctets,sent
node_2,7.2009458,1708763521,InOctets,received
node_2,-242.6661754,1708763521,OutOctets,sent
master,9.167337,1708763521,InOctets,received
master,-355.5549328,1708763521,OutOctets,sent
node_3,9.4571906,1708763521,InOctets,received
node_3,-230.1211088,1708763521,OutOctets,sent
node_1,3.1076516,1708763521,InOctets,received
node_1,-229.4535752,1708763521,OutOctets,sent
node_2,8.2122704,1708763526,InOctets,received
node_2,-243.1828736,1708763526,OutOctets,sent
master,15.3757982,1708763526,InOctets,received
master,-361.0141136,1708763526,OutOctets,sent
node_3,3.9070877,1708763526,InOctets,received
node_3,-230.890742,1708763526,OutOctets,sent
node_1,9.6094808,1708763526,InOctets,received
node_1,-232.1775266,1708763526,OutOctets,sent
node_2,6.8705126,1708763531,InOctets,received
node_2,-241.9226006,1708763531,OutOctets,sent
master,9.4657842,1708763531,InOctets,received
master,-357.0561422,1708763531,OutOctets,sent
node_3,9.4814147,1708763531,InOctets,received
node_3,-230.2208913,1708763531,OutOctets,sent
node_1,2.9472,1708763531,InOctets,received
node_1,-229.4216599,1708763531,OutOctets,sent
node_2,6.138423,1708763536,InOctets,received
node_2,-240.3181,1708763536,OutOctets,sent
master,7.4216612,1708763536,InOctets,received
master,-355.4431062,1708763536,OutOctets,sent
node_3,3.7523759,1708763536,InOctets,received
node_3,-229.6495175,1708763536,OutOctets,sent
node_1,9.1859264,1708763536,InOctets,received
node_1,-231.1424962,1708763536,OutOctets,sent
node_2,8.9886148,1708763541,InOctets,received
node_2,-243.7017312,1708763541,OutOctets,sent
master,14.8424492,1708763541,InOctets,received
master,-356.332195,1708763541,OutOctets,sent
node_3,9.7648146,1708763541,InOctets,received
node_3,-231.7765178,1708763541,OutOctets,sent
node_1,4.0406245,1708763541,InOctets,received
node_1,-231.1546783,1708763541,OutOctets,sent
node_2,3.1999034,1708763546,InOctets,received
node_2,-240.4038132,1708763546,OutOctets,sent
master,12.1980436,1708763546,InOctets,received
master,-359.3486336,1708763546,OutOctets,sent
node_3,4.4316512,1708763546,InOctets,received
node_3,-229.6382723,1708763546,OutOctets,sent
node_1,10.062944,1708763546,InOctets,received
node_1,-231.782001,1708763546,OutOctets,sent
node_2,9.3387402,1708763551,InOctets,received
node_2,-241.7148842,1708763551,OutOctets,sent
master,10.6533654,1708763551,InOctets,received
master,-360.409716,1708763551,OutOctets,sent
node_3,8.5108588,1708763551,InOctets,received
node_3,-229.4751713,1708763551,OutOctets,sent
node_1,2.9233288,1708763551,InOctets,received
node_1,-229.4383448,1708763551,OutOctets,sent
node_2,3.2463194,1708763556,InOctets,received
node_2,-241.8343016,1708763556,OutOctets,sent
master,13.5575846,1708763556,InOctets,received
master,-354.2646672,1708763556,OutOctets,sent
node_3,5.2140844,1708763556,InOctets,received
node_3,-232.0092244,1708763556,OutOctets,sent
node_1,9.5199758,1708763556,InOctets,received
node_1,-232.6176214,1708763556,OutOctets,sent
node_2,9.752,1708763561,InOctets,received
node_2,-242.2511994,1708763561,OutOctets,sent
master,8.3320038,1708763561,InOctets,received
master,-362.27643,1708763561,OutOctets,sent
node_3,8.0816006,1708763561,InOctets,received
node_3,-229.3424082,1708763561,OutOctets,sent
node_1,3.6752002,1708763561,InOctets,received
node_1,-229.4736057,1708763561,OutOctets,sent
node_2,2.40138,1708763566,InOctets,received
node_2,-240.08452,1708763566,OutOctets,sent
master,9.2183614,1708763566,InOctets,received
master,-354.0187832,1708763566,OutOctets,sent
node_3,4.910498,1708763566,InOctets,received
node_3,-231.0195526,1708763566,OutOctets,sent
node_1,9.2686639,1708763566,InOctets,received
node_1,-231.1106601,1708763566,OutOctets,sent
node_2,9.507547,1708763571,InOctets,received
node_2,-243.1487374,1708763571,OutOctets,sent
master,12.5073578,1708763571,InOctets,received
master,-358.090408,1708763571,OutOctets,sent
node_3,8.4050273,1708763571,InOctets,received
node_3,-231.2292416,1708763571,OutOctets,sent
node_1,3.21383,1708763571,InOctets,received
node_1,-231.1769942,1708763571,OutOctets,sent
node_2,3.4696612,1708763576,InOctets,received
node_2,-240.6959303,1708763576,OutOctets,sent
master,11.2516268,1708763576,InOctets,received
master,-354.9719922,1708763576,OutOctets,sent
node_3,4.7994656,1708763576,InOctets,received
node_3,-229.8923096,1708763576,OutOctets,sent
node_1,10.1079158,1708763576,InOctets,received
node_1,-231.6577762,1708763576,OutOctets,sent
node_2,9.9926104,1708763581,InOctets,received
node_2,-241.5683796,1708763581,OutOctets,sent
master,12.5778392,1708763581,InOctets,received
master,-358.635744,1708763581,OutOctets,sent
node_3,8.7394105,1708763581,InOctets,received
node_3,-229.5757151,1708763581,OutOctets,sent
node_1,4.2608118,1708763581,InOctets,received
node_1,-230.4292776,1708763581,OutOctets,sent
node_2,3.486012,1708763586,InOctets,received
node_2,-242.1740156,1708763586,OutOctets,sent
master,14.5415868,1708763586,InOctets,received
master,-354.6162388,1708763586,OutOctets,sent
node_3,4.7553705,1708763586,InOctets,received
node_3,-231.6431982,1708763586,OutOctets,sent
node_1,10.1244406,1708763586,InOctets,received
node_1,-233.1453248,1708763586,OutOctets,sent
node_2,14.4797174,1708763591,InOctets,received
node_2,-241.7029641,1708763591,OutOctets,sent
master,8.3046544,1708763591,InOctets,received
master,-377.0450216,1708763591,OutOctets,sent
node_3,13.2925577,1708763591,InOctets,received
node_3,-229.6014077,1708763591,OutOctets,sent
node_1,10.6409777,1708763591,InOctets,received
node_1,-229.5579316,1708763591,OutOctets,sent
node_2,12.5603149,1708763596,InOctets,received
node_2,-240.498667,1708763596,OutOctets,sent
master,12.197877,1708763596,InOctets,received
master,-409.3470892,1708763596,OutOctets,sent
node_3,14.9424716,1708763596,InOctets,received
node_3,-230.6625702,1708763596,OutOctets,sent
node_1,32.118568,1708763596,InOctets,received
node_1,-232.6204342,1708763596,OutOctets,sent
node_2,10.401954,1708763601,InOctets,received
node_2,-243.6207656,1708763601,OutOctets,sent
master,12.5439588,1708763601,InOctets,received
master,-358.814478,1708763601,OutOctets,sent
node_3,8.9008006,1708763601,InOctets,received
node_3,-231.1408105,1708763601,OutOctets,sent
node_1,3.1204495,1708763601,InOctets,received
node_1,-230.9975138,1708763601,OutOctets,sent
node_2,2.2596408,1708763606,InOctets,received
node_2,-240.3260146,1708763606,OutOctets,sent
master,8.249612,1708763606,InOctets,received
master,-359.2143434,1708763606,OutOctets,sent
node_3,4.0400042,1708763606,InOctets,received
node_3,-229.6500064,1708763606,OutOctets,sent
node_1,9.8992115,1708763606,InOctets,received
node_1,-231.6178553,1708763606,OutOctets,sent
node_2,9.2395596,1708763611,InOctets,received
node_2,-241.2631704,1708763611,OutOctets,sent
master,8.254324,1708763611,InOctets,received
master,-361.289476,1708763611,OutOctets,sent
node_3,8.1647956,1708763611,InOctets,received
node_3,-229.5756013,1708763611,OutOctets,sent
node_1,2.795534,1708763611,InOctets,received
node_1,-229.0910339,1708763611,OutOctets,sent
node_2,9.8623992,1708763616,InOctets,received
node_2,-244.9360052,1708763616,OutOctets,sent
master,18.4622158,1708763616,InOctets,received
master,-363.8628156,1708763616,OutOctets,sent
node_3,4.6640002,1708763616,InOctets,received
node_3,-231.7039978,1708763616,OutOctets,sent
node_1,12.6418652,1708763616,InOctets,received
node_1,-234.2852312,1708763616,OutOctets,sent
node_2,16.532412,1708763621,InOctets,received
node_2,-242.0956344,1708763621,OutOctets,sent
master,12.2008272,1708763621,InOctets,received
master,-406.655372,1708763621,OutOctets,sent
node_3,30.3808994,1708763621,InOctets,received
node_3,-231.2083414,1708763621,OutOctets,sent
node_1,11.1777124,1708763621,InOctets,received
node_1,-230.6358682,1708763621,OutOctets,sent
node_2,2.1460544,1708763626,InOctets,received
node_2,-239.7839925,1708763626,OutOctets,sent
master,8.0101028,1708763626,InOctets,received
master,-355.423805,1708763626,OutOctets,sent
node_3,7.1122286,1708763626,InOctets,received
node_3,-230.7232376,1708763626,OutOctets,sent
node_1,8.6926436,1708763626,InOctets,received
node_1,-230.6094086,1708763626,OutOctets,sent
node_2,32.5103344,1708763631,InOctets,received
node_2,-245.6867862,1708763631,OutOctets,sent
master,18.8521762,1708763631,InOctets,received
master,-404.2124026,1708763631,OutOctets,sent
node_3,18.24497,1708763631,InOctets,received
node_3,-234.3083888,1708763631,OutOctets,sent
node_1,10.31338,1708763631,InOctets,received
node_1,-231.611898,1708763631,OutOctets,sent
node_2,3.337981,1708763636,InOctets,received
node_2,-240.537599,1708763636,OutOctets,sent
master,8.740927,1708763636,InOctets,received
master,-356.0909366,1708763636,OutOctets,sent
node_3,6.6247642,1708763636,InOctets,received
node_3,-230.3888028,1708763636,OutOctets,sent
node_1,8.9663276,1708763636,InOctets,received
node_1,-230.3838268,1708763636,OutOctets,sent
node_2,9.4824235,1708763641,InOctets,received
node_2,-241.5116315,1708763641,OutOctets,sent
master,7.1919694,1708763641,InOctets,received
master,-356.030652,1708763641,OutOctets,sent
node_3,5.6453984,1708763641,InOctets,received
node_3,-228.9783127,1708763641,OutOctets,sent
node_1,3.7920396,1708763641,InOctets,received
node_1,-229.7781503,1708763641,OutOctets,sent
node_2,4.2926736,1708763646,InOctets,received
node_2,-242.3150976,1708763646,OutOctets,sent
master,14.8425378,1708763646,InOctets,received
master,-360.2191878,1708763646,OutOctets,sent
node_3,6.8594278,1708763646,InOctets,received
node_3,-231.5612695,1708763646,OutOctets,sent
node_1,10.9962003,1708763646,InOctets,received
node_1,-232.9123564,1708763646,OutOctets,sent
node_2,9.4357236,1708763651,InOctets,received
node_2,-241.3700823,1708763651,OutOctets,sent
master,9.364007,1708763651,InOctets,received
master,-358.4012036,1708763651,OutOctets,sent
node_3,5.9409121,1708763651,InOctets,received
node_3,-229.8396617,1708763651,OutOctets,sent
node_1,3.2854325,1708763651,InOctets,received
node_1,-229.6280348,1708763651,OutOctets,sent
node_2,3.4528,1708763656,InOctets,received
node_2,-240.3391946,1708763656,OutOctets,sent
master,7.3672378,1708763656,InOctets,received
master,-354.455603,1708763656,OutOctets,sent
node_3,7.845802,1708763656,InOctets,received
node_3,-230.6415476,1708763656,OutOctets,sent
node_1,8.1823999,1708763656,InOctets,received
node_1,-229.8640088,1708763656,OutOctets,sent
node_2,10.3227986,1708763661,InOctets,received
node_2,-243.5980357,1708763661,OutOctets,sent
master,13.1045214,1708763661,InOctets,received
master,-357.2840082,1708763661,OutOctets,sent
node_3,6.2684724,1708763661,InOctets,received
node_3,-230.9151747,1708763661,OutOctets,sent
node_1,4.2751998,1708763661,InOctets,received
node_1,-232.2272076,1708763661,OutOctets,sent
node_2,2.466031,1708763666,InOctets,received
node_2,-240.0524096,1708763666,OutOctets,sent
master,8.4105299,1708763666,InOctets,received
master,-360.7387505,1708763666,OutOctets,sent
node_3,7.0453262,1708763666,InOctets,received
node_3,-230.4804229,1708763666,OutOctets,sent
node_1,8.4859695,1708763666,InOctets,received
node_1,-230.2668375,1708763666,OutOctets,sent
node_2,9.7055726,1708763671,InOctets,received
node_2,-241.9911682,1708763671,OutOctets,sent
master,8.555814,1708763671,InOctets,received
master,-360.1240328,1708763671,OutOctets,sent
node_3,6.0162974,1708763671,InOctets,received
node_3,-229.5817222,1708763671,OutOctets,sent
node_1,3.7668314,1708763671,InOctets,received
node_1,-230.0467554,1708763671,OutOctets,sent
node_2,3.5199998,1708763676,InOctets,received
node_2,-242.1183916,1708763676,OutOctets,sent
master,12.7979332,1708763676,InOctets,received
master,-355.067599,1708763676,OutOctets,sent
node_3,7.269905,1708763676,InOctets,received
node_3,-232.080279,1708763676,OutOctets,sent
node_1,8.7312002,1708763676,InOctets,received
node_1,-231.8591962,1708763676,OutOctets,sent
node_2,9.7727583,1708763681,InOctets,received
node_2,-241.6790362,1708763681,OutOctets,sent
master,9.9922146,1708763681,InOctets,received
master,-358.2144054,1708763681,OutOctets,sent
node_3,2.9184424,1708763681,InOctets,received
node_3,-228.883613,1708763681,OutOctets,sent
node_1,4.8684161,1708763681,InOctets,received
node_1,-230.7788,1708763681,OutOctets,sent
node_2,4.8108225,1708763686,InOctets,received
node_2,-240.3354479,1708763686,OutOctets,sent
master,10.3649586,1708763686,InOctets,received
master,-354.9589812,1708763686,OutOctets,sent
node_3,10.2543284,1708763686,InOctets,received
node_3,-230.6974744,1708763686,OutOctets,sent
node_1,8.6499846,1708763686,InOctets,received
node_1,-230.2259705,1708763686,OutOctets,sent
node_2,12.4252504,1708763691,InOctets,received
node_2,-243.570826,1708763691,OutOctets,sent
master,16.544034,1708763691,InOctets,received
master,-356.80255,1708763691,OutOctets,sent
node_3,4.250085,1708763691,InOctets,received
node_3,-230.312463,1708763691,OutOctets,sent
node_1,4.6873314,1708763691,InOctets,received
node_1,-232.4269252,1708763691,OutOctets,sent
node_2,3.0854078,1708763696,InOctets,received
node_2,-240.2418947,1708763696,OutOctets,sent
master,11.6043356,1708763696,InOctets,received
master,-356.1176244,1708763696,OutOctets,sent
node_3,10.2523588,1708763696,InOctets,received
node_3,-231.4103042,1708763696,OutOctets,sent
node_1,5.798798,1708763696,InOctets,received
node_1,-230.1440488,1708763696,OutOctets,sent
node_2,9.7541378,1708763701,InOctets,received
node_2,-241.9694895,1708763701,OutOctets,sent
master,12.0727284,1708763701,InOctets,received
master,-358.53102,1708763701,OutOctets,sent
node_3,3.0864011,1708763701,InOctets,received
node_3,-228.6865479,1708763701,OutOctets,sent
node_1,9.3018264,1708763701,InOctets,received
node_1,-231.6477822,1708763701,OutOctets,sent
node_2,5.4460218,1708763706,InOctets,received
node_2,-242.4977186,1708763706,OutOctets,sent
master,16.3280094,1708763706,InOctets,received
master,-358.3720986,1708763706,OutOctets,sent
node_3,10.7351902,1708763706,InOctets,received
node_3,-232.1639546,1708763706,OutOctets,sent
node_1,7.7164702,1708763706,InOctets,received
node_1,-231.6828506,1708763706,OutOctets,sent
node_2,9.2470399,1708763711,InOctets,received
node_2,-241.7907274,1708763711,OutOctets,sent
master,9.892316,1708763711,InOctets,received
master,-356.5309774,1708763711,OutOctets,sent
node_3,3.5096223,1708763711,InOctets,received
node_3,-229.4251397,1708763711,OutOctets,sent
node_1,6.4082494,1708763711,InOctets,received
node_1,-230.5361725,1708763711,OutOctets,sent
node_2,3.0137604,1708763716,InOctets,received
node_2,-240.378574,1708763716,OutOctets,sent
master,8.6236024,1708763716,InOctets,received
master,-356.0545952,1708763716,OutOctets,sent
node_3,11.4111716,1708763716,InOctets,received
node_3,-231.2670214,1708763716,OutOctets,sent
node_1,5.7577976,1708763716,InOctets,received
node_1,-229.826802,1708763716,OutOctets,sent
node_2,11.9305967,1708763721,InOctets,received
node_2,-244.4504679,1708763721,OutOctets,sent
master,12.8210807,1708763721,InOctets,received
master,-357.252757,1708763721,OutOctets,sent
node_3,3.1328002,1708763721,InOctets,received
node_3,-230.5790725,1708763721,OutOctets,sent
node_1,6.2535792,1708763721,InOctets,received
node_1,-231.7378048,1708763721,OutOctets,sent
node_2,3.0533762,1708763726,InOctets,received
node_2,-240.5450287,1708763726,OutOctets,sent
master,8.1732296,1708763726,InOctets,received
master,-356.712362,1708763726,OutOctets,sent
node_3,10.2974508,1708763726,InOctets,received
node_3,-231.1636136,1708763726,OutOctets,sent
node_1,5.3024855,1708763726,InOctets,received
node_1,-229.6038631,1708763726,OutOctets,sent
node_2,6.7150536,1708763731,InOctets,received
node_2,-240.7674001,1708763731,OutOctets,sent
master,8.9313928,1708763731,InOctets,received
master,-361.4796092,1708763731,OutOctets,sent
node_3,2.7430766,1708763731,InOctets,received
node_3,-228.8624157,1708763731,OutOctets,sent
node_1,7.879892,1708763731,InOctets,received
node_1,-231.317331,1708763731,OutOctets,sent
node_2,8.944174,1708763736,InOctets,received
node_2,-245.0214176,1708763736,OutOctets,sent
master,16.9576974,1708763736,InOctets,received
master,-362.2354176,1708763736,OutOctets,sent
node_3,10.0283694,1708763736,InOctets,received
node_3,-232.2019015,1708763736,OutOctets,sent
node_1,6.0791694,1708763736,InOctets,received
node_1,-233.0828086,1708763736,OutOctets,sent
node_2,6.2212724,1708763741,InOctets,received
node_2,-240.4237588,1708763741,OutOctets,sent
master,12.3022218,1708763741,InOctets,received
master,-365.699694,1708763741,OutOctets,sent
node_3,2.979235,1708763741,InOctets,received
node_3,-228.868097,1708763741,OutOctets,sent
node_1,9.8996262,1708763741,InOctets,received
node_1,-231.30172,1708763741,OutOctets,sent
node_2,6.4523274,1708763746,InOctets,received
node_2,-241.6510348,1708763746,OutOctets,sent
master,9.5089776,1708763746,InOctets,received
master,-356.1203734,1708763746,OutOctets,sent
node_3,9.7198684,1708763746,InOctets,received
node_3,-230.6416008,1708763746,OutOctets,sent
node_1,3.6267746,1708763746,InOctets,received
node_1,-230.0902816,1708763746,OutOctets,sent
node_2,6.5732769,1708763751,InOctets,received
node_2,-242.1509059,1708763751,OutOctets,sent
master,12.1955998,1708763751,InOctets,received
master,-356.7547742,1708763751,OutOctets,sent
node_3,4.1118228,1708763751,InOctets,received
node_3,-230.1233412,1708763751,OutOctets,sent
node_1,9.7854836,1708763751,InOctets,received
node_1,-232.4466838,1708763751,OutOctets,sent
node_2,5.8703752,1708763756,InOctets,received
node_2,-241.4679092,1708763756,OutOctets,sent
master,8.5713084,1708763756,InOctets,received
master,-356.7948882,1708763756,OutOctets,sent
node_3,9.395348,1708763756,InOctets,received
node_3,-230.4006187,1708763756,OutOctets,sent
node_1,2.7592793,1708763756,InOctets,received
node_1,-229.6050427,1708763756,OutOctets,sent
node_2,5.5890359,1708763761,InOctets,received
node_2,-239.9545191,1708763761,OutOctets,sent
master,7.7301214,1708763761,InOctets,received
master,-355.7484328,1708763761,OutOctets,sent
node_3,2.5728281,1708763761,InOctets,received
node_3,-228.6856349,1708763761,OutOctets,sent
node_1,10.2136366,1708763761,InOctets,received
node_1,-231.42825,1708763761,OutOctets,sent
node_2,7.7530661,1708763766,InOctets,received
node_2,-243.7130558,1708763766,OutOctets,sent
master,17.1226158,1708763766,InOctets,received
master,-360.4064522,1708763766,OutOctets,sent
node_3,13.404553,1708763766,InOctets,received
node_3,-234.0189973,1708763766,OutOctets,sent
node_1,3.4267286,1708763766,InOctets,received
node_1,-231.1217506,1708763766,OutOctets,sent
node_2,2.5811902,1708763771,InOctets,received
node_2,-239.7267679,1708763771,OutOctets,sent
master,11.2911558,1708763771,InOctets,received
master,-353.1441916,1708763771,OutOctets,sent
node_3,3.5474867,1708763771,InOctets,received
node_3,-229.2114173,1708763771,OutOctets,sent
node_1,9.3780717,1708763771,InOctets,received
node_1,-231.3982421,1708763771,OutOctets,sent
node_2,9.7078901,1708763776,InOctets,received
node_2,-241.60442,1708763776,OutOctets,sent
master,9.5939292,1708763776,InOctets,received
master,-358.3978076,1708763776,OutOctets,sent
node_3,9.5677879,1708763776,InOctets,received
node_3,-230.1681492,1708763776,OutOctets,sent
node_1,2.8233662,1708763776,InOctets,received
node_1,-229.6217572,1708763776,OutOctets,sent
node_2,2.9920531,1708763781,InOctets,received
node_2,-241.8147728,1708763781,OutOctets,sent
master,11.4666716,1708763781,InOctets,received
master,-352.9301972,1708763781,OutOctets,sent
node_3,4.2483526,1708763781,InOctets,received
node_3,-231.0830593,1708763781,OutOctets,sent
node_1,9.8198332,1708763781,InOctets,received
node_1,-232.6566416,1708763781,OutOctets,sent
node_2,9.960299,1708763786,InOctets,received
node_2,-241.930827,1708763786,OutOctets,sent
master,8.9907382,1708763786,InOctets,received
master,-359.4320868,1708763786,OutOctets,sent
node_3,9.9095871,1708763786,InOctets,received
node_3,-230.4398679,1708763786,OutOctets,sent
node_1,2.4994716,1708763786,InOctets,received
node_1,-229.3348026,1708763786,OutOctets,sent
node_2,1.8736112,1708763791,InOctets,received
node_2,-239.6211772,1708763791,OutOctets,sent
master,7.8746618,1708763791,InOctets,received
master,-360.9806972,1708763791,OutOctets,sent
node_3,3.1622316,1708763791,InOctets,received
node_3,-229.4097615,1708763791,OutOctets,sent
node_1,9.1149276,1708763791,InOctets,received
node_1,-230.4524032,1708763791,OutOctets,sent
node_2,10.101896,1708763796,InOctets,received
node_2,-243.6391002,1708763796,OutOctets,sent
master,13.284105,1708763796,InOctets,received
master,-358.983458,1708763796,OutOctets,sent
node_3,9.1595227,1708763796,InOctets,received
node_3,-231.7728156,1708763796,OutOctets,sent
node_1,3.7551999,1708763796,InOctets,received
node_1,-230.9848948,1708763796,OutOctets,sent
node_2,2.972913,1708763801,InOctets,received
node_2,-240.4225521,1708763801,OutOctets,sent
master,8.70259,1708763801,InOctets,received
master,-357.585752,1708763801,OutOctets,sent
node_3,3.706256,1708763801,InOctets,received
node_3,-229.3411936,1708763801,OutOctets,sent
node_1,9.626094,1708763801,InOctets,received
node_1,-231.0244896,1708763801,OutOctets,sent
node_2,9.3909022,1708763806,InOctets,received
node_2,-241.5315916,1708763806,OutOctets,sent
master,8.714066,1708763806,InOctets,received
master,-358.75484,1708763806,OutOctets,sent
node_3,9.3062029,1708763806,InOctets,received
node_3,-230.0891382,1708763806,OutOctets,sent
node_1,3.0388124,1708763806,InOctets,received
node_1,-229.3834884,1708763806,OutOctets,sent
node_2,3.1614906,1708763811,InOctets,received
node_2,-241.9187475,1708763811,OutOctets,sent
master,13.4160394,1708763811,InOctets,received
master,-355.8599438,1708763811,OutOctets,sent
node_3,6.520816,1708763811,InOctets,received
node_3,-231.9216596,1708763811,OutOctets,sent
node_1,9.7894938,1708763811,InOctets,received
node_1,-232.6823469,1708763811,OutOctets,sent
node_2,9.5562598,1708763816,InOctets,received
node_2,-242.0889742,1708763816,OutOctets,sent
master,9.4204594,1708763816,InOctets,received
master,-358.9351214,1708763816,OutOctets,sent
node_3,8.7431293,1708763816,InOctets,received
node_3,-230.5065414,1708763816,OutOctets,sent
node_1,2.4996325,1708763816,InOctets,received
node_1,-229.3349439,1708763816,OutOctets,sent
node_2,2.6325406,1708763821,InOctets,received
node_2,-240.024251,1708763821,OutOctets,sent
master,8.8923814,1708763821,InOctets,received
master,-353.8362118,1708763821,OutOctets,sent
node_3,4.8014776,1708763821,InOctets,received
node_3,-230.2032208,1708763821,OutOctets,sent
node_1,10.3307673,1708763821,InOctets,received
node_1,-231.5283457,1708763821,OutOctets,sent
node_2,12.6189903,1708763826,InOctets,received
node_2,-244.0269114,1708763826,OutOctets,sent
master,11.7787216,1708763826,InOctets,received
master,-358.8640238,1708763826,OutOctets,sent
node_3,8.3280663,1708763826,InOctets,received
node_3,-230.6822062,1708763826,OutOctets,sent
node_1,2.4217886,1708763826,InOctets,received
node_1,-230.358001,1708763826,OutOctets,sent
node_2,3.4180019,1708763831,InOctets,received
node_2,-239.9666923,1708763831,OutOctets,sent
master,16.3380924,1708763831,InOctets,received
master,-359.5407924,1708763831,OutOctets,sent
node_3,4.9090912,1708763831,InOctets,received
node_3,-229.920958,1708763831,OutOctets,sent
node_1,11.3612308,1708763831,InOctets,received
node_1,-233.2753228,1708763831,OutOctets,sent
node_2,9.0526076,1708763836,InOctets,received
node_2,-241.6355885,1708763836,OutOctets,sent
master,7.8607596,1708763836,InOctets,received
master,-357.198284,1708763836,OutOctets,sent
node_3,8.040187,1708763836,InOctets,received
node_3,-229.2588282,1708763836,OutOctets,sent
node_1,2.2073809,1708763836,InOctets,received
node_1,-229.0169902,1708763836,OutOctets,sent
node_2,3.3776,1708763841,InOctets,received
node_2,-242.3984015,1708763841,OutOctets,sent
master,13.648784,1708763841,InOctets,received
master,-354.5807864,1708763841,OutOctets,sent
node_3,5.0180462,1708763841,InOctets,received
node_3,-231.692221,1708763841,OutOctets,sent
node_1,9.8080009,1708763841,InOctets,received
node_1,-232.3663927,1708763841,OutOctets,sent
node_2,9.3104088,1708763846,InOctets,received
node_2,-241.5400148,1708763846,OutOctets,sent
master,7.1720908,1708763846,InOctets,received
master,-356.0941196,1708763846,OutOctets,sent
node_3,6.7729415,1708763846,InOctets,received
node_3,-229.2869528,1708763846,OutOctets,sent
node_1,2.7084695,1708763846,InOctets,received
node_1,-229.5646843,1708763846,OutOctets,sent
node_2,3.1183918,1708763851,InOctets,received
node_2,-240.5399823,1708763851,OutOctets,sent
master,8.6713112,1708763851,InOctets,received
master,-363.7710536,1708763851,OutOctets,sent
node_3,6.6126118,1708763851,InOctets,received
node_3,-230.4414088,1708763851,OutOctets,sent
node_1,8.3374413,1708763851,InOctets,received
node_1,-229.7397749,1708763851,OutOctets,sent
node_2,10.1920004,1708763856,InOctets,received
node_2,-243.3807923,1708763856,OutOctets,sent
master,13.1795484,1708763856,InOctets,received
master,-356.6055844,1708763856,OutOctets,sent
node_3,6.4220066,1708763856,InOctets,received
node_3,-231.0553147,1708763856,OutOctets,sent
node_1,4.3716897,1708763856,InOctets,received
node_1,-231.626728,1708763856,OutOctets,sent
node_2,3.0367999,1708763861,InOctets,received
node_2,-240.2672001,1708763861,OutOctets,sent
master,9.7717044,1708763861,InOctets,received
master,-360.3523618,1708763861,OutOctets,sent
node_3,6.0068398,1708763861,InOctets,received
node_3,-230.0966928,1708763861,OutOctets,sent
node_1,9.7502988,1708763861,InOctets,received
node_1,-231.1785482,1708763861,OutOctets,sent
node_2,9.3132821,1708763866,InOctets,received
node_2,-241.426816,1708763866,OutOctets,sent
master,7.74748,1708763866,InOctets,received
master,-354.9688686,1708763866,OutOctets,sent
node_3,5.9971495,1708763866,InOctets,received
node_3,-229.3016898,1708763866,OutOctets,sent
node_1,3.1433415,1708763866,InOctets,received
node_1,-229.6689514,1708763866,OutOctets,sent
node_2,6.411518,1708763871,InOctets,received
node_2,-244.6243732,1708763871,OutOctets,sent
master,19.0883442,1708763871,InOctets,received
master,-364.8874814,1708763871,OutOctets,sent
node_3,8.1500504,1708763871,InOctets,received
node_3,-232.616325,1708763871,OutOctets,sent
node_1,12.9019803,1708763871,InOctets,received
node_1,-234.6932565,1708763871,OutOctets,sent
node_2,10.8356317,1708763876,InOctets,received
node_2,-241.694,1708763876,OutOctets,sent
master,7.8090418,1708763876,InOctets,received
master,-356.1242418,1708763876,OutOctets,sent
node_3,5.5500549,1708763876,InOctets,received
node_3,-228.8952566,1708763876,OutOctets,sent
node_1,3.1886225,1708763876,InOctets,received
node_1,-229.5884058,1708763876,OutOctets,sent
node_2,2.9841652,1708763881,InOctets,received
node_2,-240.2975856,1708763881,OutOctets,sent
master,8.5972246,1708763881,InOctets,received
master,-353.6493754,1708763881,OutOctets,sent
node_3,6.578403,1708763881,InOctets,received
node_3,-230.7955828,1708763881,OutOctets,sent
node_1,6.5396698,1708763881,InOctets,received
node_1,-230.2168843,1708763881,OutOctets,sent
node_2,11.2078294,1708763886,InOctets,received
node_2,-243.5606032,1708763886,OutOctets,sent
master,13.005283,1708763886,InOctets,received
master,-356.3516504,1708763886,OutOctets,sent
node_3,6.1363106,1708763886,InOctets,received
node_3,-230.7561477,1708763886,OutOctets,sent
node_1,6.4305758,1708763886,InOctets,received
node_1,-231.7304162,1708763886,OutOctets,sent
node_2,3.2610084,1708763891,InOctets,received
node_2,-240.1302303,1708763891,OutOctets,sent
master,11.6550606,1708763891,InOctets,received
master,-356.5028436,1708763891,OutOctets,sent
node_3,6.8188256,1708763891,InOctets,received
node_3,-229.9986378,1708763891,OutOctets,sent
node_1,6.611503,1708763891,InOctets,received
node_1,-230.9283068,1708763891,OutOctets,sent
node_2,9.4679831,1708763896,InOctets,received
node_2,-241.8481568,1708763896,OutOctets,sent
master,10.545485,1708763896,InOctets,received
master,-355.743661,1708763896,OutOctets,sent
node_3,4.1825234,1708763896,InOctets,received
node_3,-229.7806034,1708763896,OutOctets,sent
node_1,6.4171722,1708763896,InOctets,received
node_1,-230.6519426,1708763896,OutOctets,sent
node_2,15.690965,1708763901,InOctets,received
node_2,-242.197033,1708763901,OutOctets,sent
master,18.9336524,1708763901,InOctets,received
master,-418.741554,1708763901,OutOctets,sent
node_3,25.3235216,1708763901,InOctets,received
node_3,-235.2433396,1708763901,OutOctets,sent
node_1,25.3804323,1708763901,InOctets,received
node_1,-232.6455442,1708763901,OutOctets,sent
node_2,11.8403862,1708763906,InOctets,received
node_2,-241.9395594,1708763906,OutOctets,sent
master,9.5473892,1708763906,InOctets,received
master,-373.3655988,1708763906,OutOctets,sent
node_3,5.5636049,1708763906,InOctets,received
node_3,-228.9096167,1708763906,OutOctets,sent
node_1,17.4432538,1708763906,InOctets,received
node_1,-231.4910198,1708763906,OutOctets,sent
node_2,3.0877247,1708763911,InOctets,received
node_2,-240.2952983,1708763911,OutOctets,sent
master,7.1512708,1708763911,InOctets,received
master,-360.0138196,1708763911,OutOctets,sent
node_3,10.3950474,1708763911,InOctets,received
node_3,-230.7028211,1708763911,OutOctets,sent
node_1,5.2190572,1708763911,InOctets,received
node_1,-229.4026972,1708763911,OutOctets,sent
node_2,10.1731778,1708763916,InOctets,received
node_2,-243.5219178,1708763916,OutOctets,sent
master,13.0765576,1708763916,InOctets,received
master,-359.5543068,1708763916,OutOctets,sent
node_3,3.1863844,1708763916,InOctets,received
node_3,-230.3183296,1708763916,OutOctets,sent
node_1,7.0623938,1708763916,InOctets,received
node_1,-232.103484,1708763916,OutOctets,sent
node_2,2.4063277,1708763921,InOctets,received
node_2,-239.9667786,1708763921,OutOctets,sent
master,7.570156,1708763921,InOctets,received
master,-356.614294,1708763921,OutOctets,sent
node_3,9.735725,1708763921,InOctets,received
node_3,-230.3900535,1708763921,OutOctets,sent
node_1,3.7109229,1708763921,InOctets,received
node_1,-229.5965585,1708763921,OutOctets,sent
node_2,9.7647989,1708763926,InOctets,received
node_2,-241.8656158,1708763926,OutOctets,sent
master,9.0680386,1708763926,InOctets,received
master,-358.488821,1708763926,OutOctets,sent
node_3,3.2373841,1708763926,InOctets,received
node_3,-229.088581,1708763926,OutOctets,sent
node_1,9.479178,1708763926,InOctets,received
node_1,-231.0368105,1708763926,OutOctets,sent
node_2,10.0635792,1708763931,InOctets,received
node_2,-242.1884128,1708763931,OutOctets,sent
master,15.3029566,1708763931,InOctets,received
master,-396.94042,1708763931,OutOctets,sent
node_3,33.8651808,1708763931,InOctets,received
node_3,-234.4622064,1708763931,OutOctets,sent
node_1,9.9092997,1708763931,InOctets,received
node_1,-231.3332968,1708763931,OutOctets,sent
node_2,31.4118594,1708763936,InOctets,received
node_2,-242.8921531,1708763936,OutOctets,sent
master,11.5648194,1708763936,InOctets,received
master,-401.6668616,1708763936,OutOctets,sent
node_3,9.1541245,1708763936,InOctets,received
node_3,-229.1517332,1708763936,OutOctets,sent
node_1,16.3051838,1708763936,InOctets,received
node_1,-231.2221542,1708763936,OutOctets,sent
node_2,3.2077617,1708763941,InOctets,received
node_2,-240.4458305,1708763941,OutOctets,sent
master,7.0412034,1708763941,InOctets,received
master,-352.96157,1708763941,OutOctets,sent
node_3,9.2194534,1708763941,InOctets,received
node_3,-230.3438761,1708763941,OutOctets,sent
node_1,3.3238575,1708763941,InOctets,received
node_1,-229.2490949,1708763941,OutOctets,sent
node_2,10.8665,1708763946,InOctets,received
node_2,-243.5609526,1708763946,OutOctets,sent
master,14.3308332,1708763946,InOctets,received
master,-358.3783902,1708763946,OutOctets,sent
node_3,3.2488613,1708763946,InOctets,received
node_3,-230.8149625,1708763946,OutOctets,sent
node_1,10.0343272,1708763946,InOctets,received
node_1,-232.2240376,1708763946,OutOctets,sent
node_2,5.1319008,1708763951,InOctets,received
node_2,-241.1574518,1708763951,OutOctets,sent
master,8.6089476,1708763951,InOctets,received
master,-356.810332,1708763951,OutOctets,sent
node_3,9.4045961,1708763951,InOctets,received
node_3,-230.1434295,1708763951,OutOctets,sent
node_1,3.0161311,1708763951,InOctets,received
node_1,-229.2817922,1708763951,OutOctets,sent
node_2,7.8230187,1708763956,InOctets,received
node_2,-241.63858,1708763956,OutOctets,sent
master,8.814889,1708763956,InOctets,received
master,-356.7696002,1708763956,OutOctets,sent
node_3,3.5464001,1708763956,InOctets,received
node_3,-229.391432,1708763956,OutOctets,sent
node_1,9.5124346,1708763956,InOctets,received
node_1,-230.57202,1708763956,OutOctets,sent
node_2,5.7466616,1708763961,InOctets,received
node_2,-242.9670788,1708763961,OutOctets,sent
master,14.1229626,1708763961,InOctets,received
master,-357.9730166,1708763961,OutOctets,sent
node_3,9.4363025,1708763961,InOctets,received
node_3,-231.9133223,1708763961,OutOctets,sent
node_1,4.9362525,1708763961,InOctets,received
node_1,-231.9524701,1708763961,OutOctets,sent
node_2,7.7023777,1708763966,InOctets,received
node_2,-241.2772296,1708763966,OutOctets,sent
master,8.5720846,1708763966,InOctets,received
master,-356.6476166,1708763966,OutOctets,sent
node_3,2.9563337,1708763966,InOctets,received
node_3,-228.6811481,1708763966,OutOctets,sent
node_1,9.7813676,1708763966,InOctets,received
node_1,-231.0060242,1708763966,OutOctets,sent
node_2,4.727943,1708763971,InOctets,received
node_2,-240.4323322,1708763971,OutOctets,sent
master,7.8420642,1708763971,InOctets,received
master,-362.7777486,1708763971,OutOctets,sent
node_3,10.0801628,1708763971,InOctets,received
node_3,-230.7052916,1708763971,OutOctets,sent
node_1,2.3651443,1708763971,InOctets,received
node_1,-229.0183189,1708763971,OutOctets,sent
node_2,9.7346856,1708763976,InOctets,received
node_2,-243.1750208,1708763976,OutOctets,sent
master,13.5663762,1708763976,InOctets,received
master,-357.5037256,1708763976,OutOctets,sent
node_3,3.3809078,1708763976,InOctets,received
node_3,-230.7283536,1708763976,OutOctets,sent
node_1,9.9264346,1708763976,InOctets,received
node_1,-232.914072,1708763976,OutOctets,sent
node_2,4.6077148,1708763981,InOctets,received
node_2,-240.6329602,1708763981,OutOctets,sent
master,7.8152756,1708763981,InOctets,received
master,-358.6879002,1708763981,OutOctets,sent
node_3,8.9582926,1708763981,InOctets,received
node_3,-230.3052379,1708763981,OutOctets,sent
node_1,2.1666119,1708763981,InOctets,received
node_1,-228.8355904,1708763981,OutOctets,sent
node_2,2.7008001,1708763986,InOctets,received
node_2,-240.0239962,1708763986,OutOctets,sent
master,8.9761572,1708763986,InOctets,received
master,-357.9710678,1708763986,OutOctets,sent
node_3,6.0767998,1708763986,InOctets,received
node_3,-230.5615954,1708763986,OutOctets,sent
node_1,10.4445532,1708763986,InOctets,received
node_1,-231.4039394,1708763986,OutOctets,sent
node_2,10.2875474,1708763991,InOctets,received
node_2,-244.7751448,1708763991,OutOctets,sent
master,17.8888192,1708763991,InOctets,received
master,-357.654977,1708763991,OutOctets,sent
node_3,10.6188227,1708763991,InOctets,received
node_3,-233.5424589,1708763991,OutOctets,sent
node_1,3.2093023,1708763991,InOctets,received
node_1,-232.6000741,1708763991,OutOctets,sent
node_2,17.2856147,1708763996,InOctets,received
node_2,-541.6008532,1708763996,OutOctets,sent
master,914.8048794,1708763996,InOctets,received
master,-394.5567025,1708763996,OutOctets,sent
node_3,14.3742817,1708763996,InOctets,received
node_3,-530.6815271,1708763996,OutOctets,sent
node_1,23.590861,1708763996,InOctets,received
node_1,-532.4334931,1708763996,OutOctets,sent
node_2,9.8775894,1708764001,InOctets,received
node_2,-241.7227744,1708764001,OutOctets,sent
master,8.3838834,1708764001,InOctets,received
master,-359.8968814,1708764001,OutOctets,sent
node_3,9.8115309,1708764001,InOctets,received
node_3,-230.4785038,1708764001,OutOctets,sent
node_1,3.2958367,1708764001,InOctets,received
node_1,-229.2624077,1708764001,OutOctets,sent
node_2,8.0831602,1708764006,InOctets,received
node_2,-244.6431627,1708764006,OutOctets,sent
master,18.7584288,1708764006,InOctets,received
master,-361.5360224,1708764006,OutOctets,sent
node_3,3.5102684,1708764006,InOctets,received
node_3,-230.4063917,1708764006,OutOctets,sent
node_1,14.1868315,1708764006,InOctets,received
node_1,-235.3770794,1708764006,OutOctets,sent
node_2,10.1038247,1708764011,InOctets,received
node_2,-242.6317829,1708764011,OutOctets,sent
master,10.1455284,1708764011,InOctets,received
master,-360.822366,1708764011,OutOctets,sent
node_3,9.8832279,1708764011,InOctets,received
node_3,-230.6352374,1708764011,OutOctets,sent
node_1,2.8944056,1708764011,InOctets,received
node_1,-229.3680098,1708764011,OutOctets,sent
