hostname,value,timestamp,chart_family
master,2.4,1700991541,nvme0n1
master,2.4,1700991541,ubuntu--vg-ubuntu--lv
node_1,1,1700991541,mmcblk0
node_3,6.6,1700991541,mmcblk0
node_2,2.8,1700991541,mmcblk0
master,2.2,1700991546,nvme0n1
master,2.2,1700991546,ubuntu--vg-ubuntu--lv
node_1,0,1700991546,mmcblk0
node_3,0.8,1700991546,mmcblk0
node_2,0.4,1700991546,mmcblk0
master,2.2,1700991551,nvme0n1
master,2.2,1700991551,ubuntu--vg-ubuntu--lv
node_1,0,1700991551,mmcblk0
node_3,0.4,1700991551,mmcblk0
node_2,0.4,1700991551,mmcblk0
master,2.2,1700991556,nvme0n1
master,2.2,1700991556,ubuntu--vg-ubuntu--lv
node_1,0.2,1700991556,mmcblk0
node_3,1.8,1700991556,mmcblk0
node_2,0.4,1700991556,mmcblk0
master,1.8,1700991561,nvme0n1
master,1.8,1700991561,ubuntu--vg-ubuntu--lv
node_1,0,1700991561,mmcblk0
node_3,20,1700991561,mmcblk0
node_2,4.6,1700991561,mmcblk0
master,4,1700991566,nvme0n1
master,4,1700991566,ubuntu--vg-ubuntu--lv
node_1,0.8,1700991566,mmcblk0
node_3,0.4,1700991566,mmcblk0
node_2,0.2,1700991566,mmcblk0
master,1.8,1700991571,nvme0n1
master,1.8,1700991571,ubuntu--vg-ubuntu--lv
node_1,0,1700991571,mmcblk0
node_3,0.4,1700991571,mmcblk0
node_2,0,1700991571,mmcblk0
master,1.8,1700991576,nvme0n1
master,1.8,1700991576,ubuntu--vg-ubuntu--lv
node_1,0.6,1700991576,mmcblk0
node_3,0.4,1700991576,mmcblk0
node_2,1.6,1700991576,mmcblk0
master,2,1700991581,nvme0n1
master,2,1700991581,ubuntu--vg-ubuntu--lv
node_1,0,1700991581,mmcblk0
node_3,20.6,1700991581,mmcblk0
node_2,0.2,1700991581,mmcblk0
master,1.6,1700991586,nvme0n1
master,1.6,1700991586,ubuntu--vg-ubuntu--lv
node_1,0,1700991586,mmcblk0
node_3,2,1700991586,mmcblk0
node_2,0,1700991586,mmcblk0
master,2.2,1700991591,nvme0n1
master,2.2,1700991591,ubuntu--vg-ubuntu--lv
node_1,0.4,1700991591,mmcblk0
node_3,2.2,1700991591,mmcblk0
node_2,2.4,1700991591,mmcblk0
master,1.8,1700991596,nvme0n1
master,1.8,1700991596,ubuntu--vg-ubuntu--lv
node_1,0.2,1700991596,mmcblk0
node_3,0.6,1700991596,mmcblk0
node_2,0,1700991596,mmcblk0
master,2,1700991601,nvme0n1
master,2,1700991601,ubuntu--vg-ubuntu--lv
node_1,1,1700991601,mmcblk0
node_3,0,1700991601,mmcblk0
node_2,2.4,1700991601,mmcblk0
master,1.8,1700991606,nvme0n1
master,1.8,1700991606,ubuntu--vg-ubuntu--lv
node_1,2.6,1700991606,mmcblk0
node_3,0.6,1700991606,mmcblk0
node_2,3,1700991606,mmcblk0
master,2,1700991611,nvme0n1
master,2,1700991611,ubuntu--vg-ubuntu--lv
node_1,0.2,1700991611,mmcblk0
node_3,1.8,1700991611,mmcblk0
node_2,0,1700991611,mmcblk0
master,2.4,1700991616,nvme0n1
master,2.4,1700991616,ubuntu--vg-ubuntu--lv
node_1,0,1700991616,mmcblk0
node_3,3,1700991616,mmcblk0
node_2,0,1700991616,mmcblk0
master,1.4,1700991621,nvme0n1
master,1.4,1700991621,ubuntu--vg-ubuntu--lv
node_1,0.4,1700991621,mmcblk0
node_3,0.6,1700991621,mmcblk0
node_2,1,1700991621,mmcblk0
master,2,1700991626,nvme0n1
master,2,1700991626,ubuntu--vg-ubuntu--lv
node_1,0,1700991626,mmcblk0
node_3,4.4,1700991626,mmcblk0
node_2,1.6,1700991626,mmcblk0
master,4.4,1700991631,nvme0n1
master,4.4,1700991631,ubuntu--vg-ubuntu--lv
node_1,0,1700991631,mmcblk0
node_3,0.4,1700991631,mmcblk0
node_2,0.2,1700991631,mmcblk0
master,2,1700991636,nvme0n1
master,2,1700991636,ubuntu--vg-ubuntu--lv
node_1,0.6,1700991636,mmcblk0
node_3,1,1700991636,mmcblk0
node_2,1.6,1700991636,mmcblk0
master,2.4,1700991641,nvme0n1
master,2.4,1700991641,ubuntu--vg-ubuntu--lv
node_1,0,1700991641,mmcblk0
node_3,1,1700991641,mmcblk0
node_2,0,1700991641,mmcblk0
master,2.2,1700991646,nvme0n1
master,2.2,1700991646,ubuntu--vg-ubuntu--lv
node_1,0,1700991646,mmcblk0
node_3,0.8,1700991646,mmcblk0
node_2,0.8,1700991646,mmcblk0
master,1.8,1700991651,nvme0n1
master,1.8,1700991651,ubuntu--vg-ubuntu--lv
node_1,0.4,1700991651,mmcblk0
node_3,2.8,1700991651,mmcblk0
node_2,1.2,1700991651,mmcblk0
master,1.6,1700991656,nvme0n1
master,1.6,1700991656,ubuntu--vg-ubuntu--lv
node_1,0.2,1700991656,mmcblk0
node_3,0.6,1700991656,mmcblk0
node_2,0,1700991656,mmcblk0
master,2.2,1700991661,nvme0n1
master,2.2,1700991661,ubuntu--vg-ubuntu--lv
node_1,0,1700991661,mmcblk0
node_3,1.6,1700991661,mmcblk0
node_2,2.4,1700991661,mmcblk0
master,2,1700991666,nvme0n1
master,2,1700991666,ubuntu--vg-ubuntu--lv
node_1,0.6,1700991666,mmcblk0
node_3,1.4,1700991666,mmcblk0
node_2,1.6,1700991666,mmcblk0
master,2.2,1700991671,nvme0n1
master,2.2,1700991671,ubuntu--vg-ubuntu--lv
node_1,0.6,1700991671,mmcblk0
node_3,0.6,1700991671,mmcblk0
node_2,2.4,1700991671,mmcblk0
master,2.2,1700991676,nvme0n1
master,2.2,1700991676,ubuntu--vg-ubuntu--lv
node_1,0,1700991676,mmcblk0
node_3,1.2,1700991676,mmcblk0
node_2,0.4,1700991676,mmcblk0
master,2.6,1700991681,nvme0n1
master,2.6,1700991681,ubuntu--vg-ubuntu--lv
node_1,0.6,1700991681,mmcblk0
node_3,0.4,1700991681,mmcblk0
node_2,2.6,1700991681,mmcblk0
master,2.4,1700991686,nvme0n1
master,2.4,1700991686,ubuntu--vg-ubuntu--lv
node_1,0.2,1700991686,mmcblk0
node_3,0,1700991686,mmcblk0
node_2,0.2,1700991686,mmcblk0
master,5,1700991691,nvme0n1
master,5,1700991691,ubuntu--vg-ubuntu--lv
node_1,1.2,1700991691,mmcblk0
node_3,1.4,1700991691,mmcblk0
node_2,0,1700991691,mmcblk0
master,2.2,1700991696,nvme0n1
master,2.2,1700991696,ubuntu--vg-ubuntu--lv
node_1,0.2,1700991696,mmcblk0
node_3,0.6,1700991696,mmcblk0
node_2,2.6,1700991696,mmcblk0
master,2.4,1700991701,nvme0n1
master,2.4,1700991701,ubuntu--vg-ubuntu--lv
node_1,0.2,1700991701,mmcblk0
node_3,2.2,1700991701,mmcblk0
node_2,0.4,1700991701,mmcblk0
master,2.4,1700991706,nvme0n1
master,2.4,1700991706,ubuntu--vg-ubuntu--lv
node_1,0.2,1700991706,mmcblk0
node_3,0.8,1700991706,mmcblk0
node_2,0.6,1700991706,mmcblk0
master,2.4,1700991711,nvme0n1
master,2.4,1700991711,ubuntu--vg-ubuntu--lv
node_1,0.6,1700991711,mmcblk0
node_3,1.8,1700991711,mmcblk0
node_2,0.2,1700991711,mmcblk0
master,2.6,1700991716,nvme0n1
master,2.6,1700991716,ubuntu--vg-ubuntu--lv
node_1,0,1700991716,mmcblk0
node_3,0.6,1700991716,mmcblk0
node_2,0,1700991716,mmcblk0
master,2.6,1700991721,nvme0n1
master,2.6,1700991721,ubuntu--vg-ubuntu--lv
node_1,0,1700991721,mmcblk0
node_3,0,1700991721,mmcblk0
node_2,0,1700991721,mmcblk0
master,2.6,1700991726,nvme0n1
master,2.6,1700991726,ubuntu--vg-ubuntu--lv
node_1,0.4,1700991726,mmcblk0
node_3,0.4,1700991726,mmcblk0
node_2,0.4,1700991726,mmcblk0
master,2.4,1700991731,nvme0n1
master,2.4,1700991731,ubuntu--vg-ubuntu--lv
node_1,0.2,1700991731,mmcblk0
node_3,0.4,1700991731,mmcblk0
node_2,1.6,1700991731,mmcblk0
master,2.8,1700991736,nvme0n1
master,2.8,1700991736,ubuntu--vg-ubuntu--lv
node_1,0,1700991736,mmcblk0
node_3,1.2,1700991736,mmcblk0
node_2,1.4,1700991736,mmcblk0
master,2.6,1700991741,nvme0n1
master,2.6,1700991741,ubuntu--vg-ubuntu--lv
node_1,0.6,1700991741,mmcblk0
node_3,0.8,1700991741,mmcblk0
node_2,0.6,1700991741,mmcblk0
master,2.4,1700991746,nvme0n1
master,2.4,1700991746,ubuntu--vg-ubuntu--lv
node_1,0.6,1700991746,mmcblk0
node_3,1.6,1700991746,mmcblk0
node_2,0.4,1700991746,mmcblk0
master,4.6,1700991751,nvme0n1
master,4.6,1700991751,ubuntu--vg-ubuntu--lv
node_1,0.4,1700991751,mmcblk0
node_3,1,1700991751,mmcblk0
node_2,0.2,1700991751,mmcblk0
master,1.8,1700991756,nvme0n1
master,1.8,1700991756,ubuntu--vg-ubuntu--lv
node_1,0.8,1700991756,mmcblk0
node_3,0.4,1700991756,mmcblk0
node_2,0.6,1700991756,mmcblk0
master,2,1700991761,nvme0n1
master,2,1700991761,ubuntu--vg-ubuntu--lv
node_1,1,1700991761,mmcblk0
node_3,0.4,1700991761,mmcblk0
node_2,0.2,1700991761,mmcblk0
master,2.4,1700991766,nvme0n1
master,2.4,1700991766,ubuntu--vg-ubuntu--lv
node_1,0.4,1700991766,mmcblk0
node_3,0.4,1700991766,mmcblk0
node_2,0,1700991766,mmcblk0
master,2.4,1700991771,nvme0n1
master,2.4,1700991771,ubuntu--vg-ubuntu--lv
node_1,0.4,1700991771,mmcblk0
node_3,1.8,1700991771,mmcblk0
node_2,4.2,1700991771,mmcblk0
master,2.2,1700991776,nvme0n1
master,2.2,1700991776,ubuntu--vg-ubuntu--lv
node_1,0.8,1700991776,mmcblk0
node_3,0.4,1700991776,mmcblk0
node_2,0.4,1700991776,mmcblk0
master,2.4,1700991781,nvme0n1
master,2.4,1700991781,ubuntu--vg-ubuntu--lv
node_1,0.2,1700991781,mmcblk0
node_3,0.8,1700991781,mmcblk0
node_2,1.4,1700991781,mmcblk0
master,2.2,1700991786,nvme0n1
master,2.2,1700991786,ubuntu--vg-ubuntu--lv
node_1,0,1700991786,mmcblk0
node_3,0.4,1700991786,mmcblk0
node_2,0,1700991786,mmcblk0
master,2.2,1700991791,nvme0n1
master,2.2,1700991791,ubuntu--vg-ubuntu--lv
node_1,0.4,1700991791,mmcblk0
node_3,0.8,1700991791,mmcblk0
node_2,0.2,1700991791,mmcblk0
master,2.2,1700991796,nvme0n1
master,2.2,1700991796,ubuntu--vg-ubuntu--lv
node_1,0,1700991796,mmcblk0
node_3,0.4,1700991796,mmcblk0
node_2,0.2,1700991796,mmcblk0
master,2.4,1700991801,nvme0n1
master,2.4,1700991801,ubuntu--vg-ubuntu--lv
node_1,0.4,1700991801,mmcblk0
node_3,1.8,1700991801,mmcblk0
node_2,0.2,1700991801,mmcblk0
master,2.2,1700991806,nvme0n1
master,2.2,1700991806,ubuntu--vg-ubuntu--lv
node_1,0.8,1700991806,mmcblk0
node_3,0.6,1700991806,mmcblk0
node_2,1.4,1700991806,mmcblk0
master,5.8,1700991811,nvme0n1
master,5.8,1700991811,ubuntu--vg-ubuntu--lv
node_1,0,1700991811,mmcblk0
node_3,1,1700991811,mmcblk0
node_2,3,1700991811,mmcblk0
master,1.6,1700991816,nvme0n1
master,1.6,1700991816,ubuntu--vg-ubuntu--lv
node_1,0.6,1700991816,mmcblk0
node_3,0.4,1700991816,mmcblk0
node_2,1.8,1700991816,mmcblk0
master,2.4,1700991821,nvme0n1
master,2.4,1700991821,ubuntu--vg-ubuntu--lv
node_1,0.2,1700991821,mmcblk0
node_3,1.4,1700991821,mmcblk0
node_2,0,1700991821,mmcblk0
master,1.8,1700991826,nvme0n1
master,1.8,1700991826,ubuntu--vg-ubuntu--lv
node_1,0.6,1700991826,mmcblk0
node_3,0.6,1700991826,mmcblk0
node_2,0.2,1700991826,mmcblk0
master,2.6,1700991831,nvme0n1
master,2.6,1700991831,ubuntu--vg-ubuntu--lv
node_1,0.4,1700991831,mmcblk0
node_3,1.4,1700991831,mmcblk0
node_2,0.2,1700991831,mmcblk0
master,2.2,1700991836,nvme0n1
master,2.2,1700991836,ubuntu--vg-ubuntu--lv
node_1,0,1700991836,mmcblk0
node_3,2,1700991836,mmcblk0
node_2,0.6,1700991836,mmcblk0
master,2.6,1700991841,nvme0n1
master,2.6,1700991841,ubuntu--vg-ubuntu--lv
node_1,1.4,1700991841,mmcblk0
node_3,1.6,1700991841,mmcblk0
node_2,1.8,1700991841,mmcblk0
master,2.2,1700991846,nvme0n1
master,2.2,1700991846,ubuntu--vg-ubuntu--lv
node_1,0.4,1700991846,mmcblk0
node_3,0.2,1700991846,mmcblk0
node_2,2,1700991846,mmcblk0
master,3,1700991851,nvme0n1
master,3,1700991851,ubuntu--vg-ubuntu--lv
node_1,0,1700991851,mmcblk0
node_3,0.4,1700991851,mmcblk0
node_2,0.4,1700991851,mmcblk0
master,2.4,1700991856,nvme0n1
master,2.4,1700991856,ubuntu--vg-ubuntu--lv
node_1,1,1700991856,mmcblk0
node_3,2.6,1700991856,mmcblk0
node_2,1.8,1700991856,mmcblk0
master,2.2,1700991861,nvme0n1
master,2.2,1700991861,ubuntu--vg-ubuntu--lv
node_1,0.4,1700991861,mmcblk0
node_3,0.4,1700991861,mmcblk0
node_2,0.6,1700991861,mmcblk0
master,2.6,1700991866,nvme0n1
master,2.6,1700991866,ubuntu--vg-ubuntu--lv
node_1,0,1700991866,mmcblk0
node_3,0.4,1700991866,mmcblk0
node_2,0.4,1700991866,mmcblk0
master,5.2,1700991871,nvme0n1
master,5.2,1700991871,ubuntu--vg-ubuntu--lv
node_1,0.2,1700991871,mmcblk0
node_3,1.4,1700991871,mmcblk0
node_2,0,1700991871,mmcblk0
master,1.8,1700991876,nvme0n1
master,1.8,1700991876,ubuntu--vg-ubuntu--lv
node_1,0,1700991876,mmcblk0
node_3,1.6,1700991876,mmcblk0
node_2,2.6,1700991876,mmcblk0
master,2,1700991881,nvme0n1
master,2,1700991881,ubuntu--vg-ubuntu--lv
node_1,0.2,1700991881,mmcblk0
node_3,1.6,1700991881,mmcblk0
node_2,0.4,1700991881,mmcblk0
master,2.8,1700991886,nvme0n1
master,2.8,1700991886,ubuntu--vg-ubuntu--lv
node_1,1,1700991886,mmcblk0
node_3,1.2,1700991886,mmcblk0
node_2,2,1700991886,mmcblk0
master,1.8,1700991891,nvme0n1
master,1.8,1700991891,ubuntu--vg-ubuntu--lv
node_1,0.4,1700991891,mmcblk0
node_3,0.8,1700991891,mmcblk0
node_2,0.4,1700991891,mmcblk0
master,2.4,1700991896,nvme0n1
master,2.4,1700991896,ubuntu--vg-ubuntu--lv
node_1,0.2,1700991896,mmcblk0
node_3,0.2,1700991896,mmcblk0
node_2,0.4,1700991896,mmcblk0
master,2.2,1700991901,nvme0n1
master,2.2,1700991901,ubuntu--vg-ubuntu--lv
node_1,0.4,1700991901,mmcblk0
node_3,0.8,1700991901,mmcblk0
node_2,0,1700991901,mmcblk0
master,1.8,1700991906,nvme0n1
master,1.8,1700991906,ubuntu--vg-ubuntu--lv
node_1,0,1700991906,mmcblk0
node_3,1.2,1700991906,mmcblk0
node_2,0,1700991906,mmcblk0
master,2,1700991911,nvme0n1
master,2,1700991911,ubuntu--vg-ubuntu--lv
node_1,0.4,1700991911,mmcblk0
node_3,0,1700991911,mmcblk0
node_2,1.4,1700991911,mmcblk0
master,2.4,1700991916,nvme0n1
master,2.4,1700991916,ubuntu--vg-ubuntu--lv
node_1,0,1700991916,mmcblk0
node_3,1.2,1700991916,mmcblk0
node_2,2.8,1700991916,mmcblk0
master,2,1700991921,nvme0n1
master,2,1700991921,ubuntu--vg-ubuntu--lv
node_1,1.4,1700991921,mmcblk0
node_3,0.8,1700991921,mmcblk0
node_2,0.2,1700991921,mmcblk0
master,2,1700991926,nvme0n1
master,2,1700991926,ubuntu--vg-ubuntu--lv
node_1,0.2,1700991926,mmcblk0
node_3,1.2,1700991926,mmcblk0
node_2,0,1700991926,mmcblk0
master,2.2,1700991931,nvme0n1
master,2.2,1700991931,ubuntu--vg-ubuntu--lv
node_1,0.2,1700991931,mmcblk0
node_3,0.6,1700991931,mmcblk0
node_2,0,1700991931,mmcblk0
master,3.4,1700991936,nvme0n1
master,3.4,1700991936,ubuntu--vg-ubuntu--lv
node_1,0,1700991936,mmcblk0
node_3,3.2,1700991936,mmcblk0
node_2,0.2,1700991936,mmcblk0
master,4.2,1700991941,nvme0n1
master,4.2,1700991941,ubuntu--vg-ubuntu--lv
node_1,0.2,1700991941,mmcblk0
node_3,0.4,1700991941,mmcblk0
node_2,0,1700991941,mmcblk0
master,1,1700991946,nvme0n1
master,1,1700991946,ubuntu--vg-ubuntu--lv
node_1,0.2,1700991946,mmcblk0
node_3,1.6,1700991946,mmcblk0
node_2,4,1700991946,mmcblk0
master,0.6,1700991951,nvme0n1
master,0.6,1700991951,ubuntu--vg-ubuntu--lv
node_1,0,1700991951,mmcblk0
node_3,0.2,1700991951,mmcblk0
node_2,0.8,1700991951,mmcblk0
